source,target,topic,similarity,heuristic_relation,relation_label,source_stance,target_stance,source_sentence,target_sentence
23,44,minimum wage,0.779879093170166,support,,contra,contra,Este un mit că salariul minim este doar pentru adolescenți și pentru lucrătorii de nivel începător.,Nu este adevărat: muncitorul obișnuit cu salariul minim nu este un elev de liceu care câștigă bani de buzunar în weekend.
23,33,minimum wage,0.737419843673706,support,,contra,contra,Este un mit că salariul minim este doar pentru adolescenți și pentru lucrătorii de nivel începător.,Adevărul este că legile privind salariul minim blochează tinerii de pe piața muncii.
23,37,minimum wage,0.6618317365646362,support,,contra,contra,Este un mit că salariul minim este doar pentru adolescenți și pentru lucrătorii de nivel începător.,"Desigur, acest lucru nu înseamnă că creșterea salariului minim nu ar fi foarte benefică pentru cei care îl câștigă, dar, în cele din urmă, nu îi ajută pe cei care nu au deja un loc de muncă pentru început."
24,37,minimum wage,0.806354284286499,attack,,pro,contra,"Cercetările sugerează că o creștere a salariului minim ar putea avea un mic efect stimulativ asupra economiei, deoarece lucrătorii cu salarii mici își cheltuiesc veniturile suplimentare, crescând cererea și creșterea locurilor de muncă și oferind ajutor în ceea ce privește locurile de muncă. ""","Desigur, acest lucru nu înseamnă că creșterea salariului minim nu ar fi foarte benefică pentru cei care îl câștigă, dar, în cele din urmă, nu îi ajută pe cei care nu au deja un loc de muncă pentru început."
24,38,minimum wage,0.7737269401550293,attack,,pro,contra,"Cercetările sugerează că o creștere a salariului minim ar putea avea un mic efect stimulativ asupra economiei, deoarece lucrătorii cu salarii mici își cheltuiesc veniturile suplimentare, crescând cererea și creșterea locurilor de muncă și oferind ajutor în ceea ce privește locurile de muncă. ""","Concurența se va intensifica: dacă salariul minim crește, persoanele prea calificate vor lupta pentru poziții cu salariul minim, împingând lucrătorii mai tineri și fără experiență din competiție și răpindu-le oportunitatea de a câștiga experiență și cunoștințe pentru a-și construi un CV și a intra în forța de muncă."
24,29,minimum wage,0.7317509651184082,support,,pro,pro,"Cercetările sugerează că o creștere a salariului minim ar putea avea un mic efect stimulativ asupra economiei, deoarece lucrătorii cu salarii mici își cheltuiesc veniturile suplimentare, crescând cererea și creșterea locurilor de muncă și oferind ajutor în ceea ce privește locurile de muncă. ""","O creștere a salariului minim va pune mai mulți bani în buzunarele mai multor familii, care vor fi cheltuiți pe bunuri și servicii, stimulând creșterea economică la nivel local și național."
26,36,minimum wage,0.9161089062690735,support,,pro,pro,"Mit: Creșterea salariului minim cu bacșiș federal (2,13 dolari pe oră din 1991) ar dăuna restaurantelor.","Mit: Creșterea salariului minim cu bacșiș federal (2,13 dolari pe oră din 1991) ar duce la pierderea locurilor de muncă în restaurante."
28,42,minimum wage,0.6641375422477722,attack,,pro,contra,"Potrivit James K. Galbraith, PhD, profesor de guvernare la Universitatea Texas din Austin, „[b] deoarece veniturile din salarii și impozitele pe venit ar crește [ca urmare a unei creșteri a salariului minim], deficitul federal ar scădea.”",Creșterea salariului minim federal ar dăuna în mod disproporționat celor mai sărace zone ale Statelor Unite.
29,31,minimum wage,0.7030231952667236,support,,pro,pro,"O creștere a salariului minim va pune mai mulți bani în buzunarele mai multor familii, care vor fi cheltuiți pe bunuri și servicii, stimulând creșterea economică la nivel local și național.",Creșterea salariului minim federal este o parte importantă a consolidării economiei.
37,44,minimum wage,0.742968738079071,support,,contra,contra,"Desigur, acest lucru nu înseamnă că creșterea salariului minim nu ar fi foarte benefică pentru cei care îl câștigă, dar, în cele din urmă, nu îi ajută pe cei care nu au deja un loc de muncă pentru început.",Nu este adevărat: muncitorul obișnuit cu salariul minim nu este un elev de liceu care câștigă bani de buzunar în weekend.
37,41,minimum wage,0.7268943786621094,support,,contra,contra,"Desigur, acest lucru nu înseamnă că creșterea salariului minim nu ar fi foarte benefică pentru cei care îl câștigă, dar, în cele din urmă, nu îi ajută pe cei care nu au deja un loc de muncă pentru început.","Mai puține angajări: dacă afacerile trebuie să plătească salariul minim mai mult angajaților, nu își pot permite să angajeze atât de mulți angajați."
37,38,minimum wage,0.7040930986404419,support,,contra,contra,"Desigur, acest lucru nu înseamnă că creșterea salariului minim nu ar fi foarte benefică pentru cei care îl câștigă, dar, în cele din urmă, nu îi ajută pe cei care nu au deja un loc de muncă pentru început.","Concurența se va intensifica: dacă salariul minim crește, persoanele prea calificate vor lupta pentru poziții cu salariul minim, împingând lucrătorii mai tineri și fără experiență din competiție și răpindu-le oportunitatea de a câștiga experiență și cunoștințe pentru a-și construi un CV și a intra în forța de muncă."
24,40,minimum wage,0.698901355266571,support,,pro,pro,"Cercetările sugerează că o creștere a salariului minim ar putea avea un mic efect stimulativ asupra economiei, deoarece lucrătorii cu salarii mici își cheltuiesc veniturile suplimentare, crescând cererea și creșterea locurilor de muncă și oferind ajutor în ceea ce privește locurile de muncă. ""","James Dorn, PhD, Senior Fellow la Institutul Cato, a declarat că o creștere cu 10% a salariului minim „conduce la o scădere cu 1 până la 3% a angajării lucrătorilor slab calificați” pe termen scurt și „la o scădere mai mare pe termen lung”."
24,41,minimum wage,0.6788642406463623,attack,,pro,contra,"Cercetările sugerează că o creștere a salariului minim ar putea avea un mic efect stimulativ asupra economiei, deoarece lucrătorii cu salarii mici își cheltuiesc veniturile suplimentare, crescând cererea și creșterea locurilor de muncă și oferind ajutor în ceea ce privește locurile de muncă. ""","Mai puține angajări: dacă afacerile trebuie să plătească salariul minim mai mult angajaților, nu își pot permite să angajeze atât de mulți angajați."
41,44,minimum wage,0.6614207029342651,support,,contra,contra,"Mai puține angajări: dacă afacerile trebuie să plătească salariul minim mai mult angajaților, nu își pot permite să angajeze atât de mulți angajați.",Nu este adevărat: muncitorul obișnuit cu salariul minim nu este un elev de liceu care câștigă bani de buzunar în weekend.
21,35,minimum wage,0.21952328085899353,no_relation,,pro,contra,"Un raport din 2015 al Alianței pentru o Societate Justă, a constatat că „salariul minim federal de 7,25 dolari pe oră reprezintă mai puțin de jumătate din salariul de trai pentru un singur adult”, iar un muncitor care se întreține numai pe sine ar trebui să lucreze 93 de ore pe săptămână la salariul minim federal pentru a-și face rostul „sau să sară peste nevoi precum mese sau medicamente”.",De ce să arunci mai mulți bani în cineva care se mulțumește să rămână pe loc.
22,43,minimum wage,0.14982689917087555,no_relation,,pro,pro,"În 2012, cel mai bogat 1% din populația SUA a câștigat 22,83% din venitul total înainte de impozitare al națiunii, rezultând cel mai mare decalaj dintre bogați și săraci din anii 1920.","Unii angajați ai organizației nonprofit din zona Seattle, Full Life Care, au cerut o reducere a orelor după ce a fost majorat salariul minim, invocând îngrijorarea că creșterea va însemna că își vor pierde subvențiile pentru locuințe, dar încă nu își pot permite chirii la prețul pieței."
23,27,minimum wage,0.20148731768131256,no_relation,,contra,pro,Este un mit că salariul minim este doar pentru adolescenți și pentru lucrătorii de nivel începător.,"Cu toate acestea, în apelul său de a crește treptat minimul federal actual, președintele Obama a cerut și ca acesta să se ajusteze automat cu inflația."
24,39,minimum wage,0.2663540244102478,no_relation,,pro,pro,"Cercetările sugerează că o creștere a salariului minim ar putea avea un mic efect stimulativ asupra economiei, deoarece lucrătorii cu salarii mici își cheltuiesc veniturile suplimentare, crescând cererea și creșterea locurilor de muncă și oferind ajutor în ceea ce privește locurile de muncă. ""","NBC News a descoperit că prețul unei cești de cafea a crescut cu 10 până la 20% în Oakland, California, după o creștere a salariului minim de 36% în oraș, la 12,25 dolari."
25,39,minimum wage,0.04206514731049538,no_relation,,pro,pro,"Adolescenții care trăiesc în sărăcie au de două ori mai multe șanse să rateze trei sau mai multe zile de școală pe lună în comparație cu cei care nu o fac; astfel, creșterea salariului minim și scoaterea familiilor din sărăcie ar însemna că copiii vor lipsi mai puține zile de școală.","NBC News a descoperit că prețul unei cești de cafea a crescut cu 10 până la 20% în Oakland, California, după o creștere a salariului minim de 36% în oraș, la 12,25 dolari."
26,27,minimum wage,0.27142706513404846,no_relation,,pro,pro,"Mit: Creșterea salariului minim cu bacșiș federal (2,13 dolari pe oră din 1991) ar dăuna restaurantelor.","Cu toate acestea, în apelul său de a crește treptat minimul federal actual, președintele Obama a cerut și ca acesta să se ajusteze automat cu inflația."
27,39,minimum wage,0.1675945222377777,no_relation,,pro,pro,"Cu toate acestea, în apelul său de a crește treptat minimul federal actual, președintele Obama a cerut și ca acesta să se ajusteze automat cu inflația.","NBC News a descoperit că prețul unei cești de cafea a crescut cu 10 până la 20% în Oakland, California, după o creștere a salariului minim de 36% în oraș, la 12,25 dolari."
28,39,minimum wage,0.234686017036438,no_relation,,pro,pro,"Potrivit James K. Galbraith, PhD, profesor de guvernare la Universitatea Texas din Austin, „[b] deoarece veniturile din salarii și impozitele pe venit ar crește [ca urmare a unei creșteri a salariului minim], deficitul federal ar scădea.”","NBC News a descoperit că prețul unei cești de cafea a crescut cu 10 până la 20% în Oakland, California, după o creștere a salariului minim de 36% în oraș, la 12,25 dolari."
29,39,minimum wage,0.30932652950286865,no_relation,,pro,pro,"O creștere a salariului minim va pune mai mulți bani în buzunarele mai multor familii, care vor fi cheltuiți pe bunuri și servicii, stimulând creșterea economică la nivel local și național.","NBC News a descoperit că prețul unei cești de cafea a crescut cu 10 până la 20% în Oakland, California, după o creștere a salariului minim de 36% în oraș, la 12,25 dolari."
30,35,minimum wage,0.22992020845413208,no_relation,,pro,contra,"Sondajele efectuate din februarie 2013, când președintele Obama a cerut pentru prima dată Congresului să majoreze salariul minim, au arătat în mod constant că o majoritate covârșitoare a americanilor susțin o creștere.",De ce să arunci mai mulți bani în cineva care se mulțumește să rămână pe loc.
31,35,minimum wage,0.16740749776363373,no_relation,,pro,contra,Creșterea salariului minim federal este o parte importantă a consolidării economiei.,De ce să arunci mai mulți bani în cineva care se mulțumește să rămână pe loc.
32,39,minimum wage,0.09036166965961456,no_relation,,pro,pro,"Deoarece firmelor li se permite să plătească salarii la nivelul sărăciei pentru 3,6 milioane de oameni -- 5% din forța de muncă -- acești lucrători trebuie să se bazeze pe programele federale de sprijinire a veniturilor.","NBC News a descoperit că prețul unei cești de cafea a crescut cu 10 până la 20% în Oakland, California, după o creștere a salariului minim de 36% în oraș, la 12,25 dolari."
33,39,minimum wage,0.04128872603178024,no_relation,,contra,pro,Adevărul este că legile privind salariul minim blochează tinerii de pe piața muncii.,"NBC News a descoperit că prețul unei cești de cafea a crescut cu 10 până la 20% în Oakland, California, după o creștere a salariului minim de 36% în oraș, la 12,25 dolari."
34,39,minimum wage,0.1598188877105713,no_relation,,contra,pro,"Thomas Grennes , MA , profesor emerit la Universitatea de Stat din Carolina de Nord , și Andris Strazds , MSc , lector la Stockholm School of Economics din Riga ( Letonia ) , au declarat: „efectul net al salariilor minime mai mari ar fi nefavorabil pentru gospodăriile sărace, chiar dacă nu există pierderi de locuri de muncă.","NBC News a descoperit că prețul unei cești de cafea a crescut cu 10 până la 20% în Oakland, California, după o creștere a salariului minim de 36% în oraș, la 12,25 dolari."
35,39,minimum wage,0.12109368294477463,no_relation,,contra,pro,De ce să arunci mai mulți bani în cineva care se mulțumește să rămână pe loc.,"NBC News a descoperit că prețul unei cești de cafea a crescut cu 10 până la 20% în Oakland, California, după o creștere a salariului minim de 36% în oraș, la 12,25 dolari."
27,36,minimum wage,0.21516208350658417,no_relation,,pro,pro,"Cu toate acestea, în apelul său de a crește treptat minimul federal actual, președintele Obama a cerut și ca acesta să se ajusteze automat cu inflația.","Mit: Creșterea salariului minim cu bacșiș federal (2,13 dolari pe oră din 1991) ar duce la pierderea locurilor de muncă în restaurante."
37,39,minimum wage,0.21226909756660461,no_relation,,contra,pro,"Desigur, acest lucru nu înseamnă că creșterea salariului minim nu ar fi foarte benefică pentru cei care îl câștigă, dar, în cele din urmă, nu îi ajută pe cei care nu au deja un loc de muncă pentru început.","NBC News a descoperit că prețul unei cești de cafea a crescut cu 10 până la 20% în Oakland, California, după o creștere a salariului minim de 36% în oraș, la 12,25 dolari."
22,38,minimum wage,0.22581958770751953,no_relation,,pro,contra,"În 2012, cel mai bogat 1% din populația SUA a câștigat 22,83% din venitul total înainte de impozitare al națiunii, rezultând cel mai mare decalaj dintre bogați și săraci din anii 1920.","Concurența se va intensifica: dacă salariul minim crește, persoanele prea calificate vor lupta pentru poziții cu salariul minim, împingând lucrătorii mai tineri și fără experiență din competiție și răpindu-le oportunitatea de a câștiga experiență și cunoștințe pentru a-și construi un CV și a intra în forța de muncă."
39,43,minimum wage,0.1428317129611969,no_relation,,pro,pro,"NBC News a descoperit că prețul unei cești de cafea a crescut cu 10 până la 20% în Oakland, California, după o creștere a salariului minim de 36% în oraș, la 12,25 dolari.","Unii angajați ai organizației nonprofit din zona Seattle, Full Life Care, au cerut o reducere a orelor după ce a fost majorat salariul minim, invocând îngrijorarea că creșterea va însemna că își vor pierde subvențiile pentru locuințe, dar încă nu își pot permite chirii la prețul pieței."
35,40,minimum wage,0.19829890131950378,no_relation,,contra,pro,De ce să arunci mai mulți bani în cineva care se mulțumește să rămână pe loc.,"James Dorn, PhD, Senior Fellow la Institutul Cato, a declarat că o creștere cu 10% a salariului minim „conduce la o scădere cu 1 până la 3% a angajării lucrătorilor slab calificați” pe termen scurt și „la o scădere mai mare pe termen lung”."
39,41,minimum wage,0.14802046120166779,no_relation,,pro,contra,"NBC News a descoperit că prețul unei cești de cafea a crescut cu 10 până la 20% în Oakland, California, după o creștere a salariului minim de 36% în oraș, la 12,25 dolari.","Mai puține angajări: dacă afacerile trebuie să plătească salariul minim mai mult angajaților, nu își pot permite să angajeze atât de mulți angajați."
39,42,minimum wage,0.24835941195487976,no_relation,,pro,contra,"NBC News a descoperit că prețul unei cești de cafea a crescut cu 10 până la 20% în Oakland, California, după o creștere a salariului minim de 36% în oraș, la 12,25 dolari.",Creșterea salariului minim federal ar dăuna în mod disproporționat celor mai sărace zone ale Statelor Unite.
35,43,minimum wage,0.23395103216171265,no_relation,,contra,pro,De ce să arunci mai mulți bani în cineva care se mulțumește să rămână pe loc.,"Unii angajați ai organizației nonprofit din zona Seattle, Full Life Care, au cerut o reducere a orelor după ce a fost majorat salariul minim, invocând îngrijorarea că creșterea va însemna că își vor pierde subvențiile pentru locuințe, dar încă nu își pot permite chirii la prețul pieței."
27,44,minimum wage,0.2098705917596817,no_relation,,pro,contra,"Cu toate acestea, în apelul său de a crește treptat minimul federal actual, președintele Obama a cerut și ca acesta să se ajusteze automat cu inflația.",Nu este adevărat: muncitorul obișnuit cu salariul minim nu este un elev de liceu care câștigă bani de buzunar în weekend.
9,12,nuclear energy,0.6553226709365845,support,,contra,contra,"Prin urmare, sunt necesare soluții costisitoare pentru a proteja Mama Pământ de efectele devastatoare ale energiei nucleare.","Deși nicio tehnologie nu poate fi perfect sigură, energia nucleară este o tehnologie în mod inerent riscantă, iar reducerea la minimum a riscurilor necesită standarde și practici stricte de siguranță."
12,18,nuclear energy,0.7464886903762817,support,,contra,contra,"Deși nicio tehnologie nu poate fi perfect sigură, energia nucleară este o tehnologie în mod inerent riscantă, iar reducerea la minimum a riscurilor necesită standarde și practici stricte de siguranță.","Cu toate acestea, exploatarea centralelor nucleare mai mult decât a fost planificat inițial poate fi destul de periculoasă, deoarece orice instalație sau aparat tehnic devine de obicei mai supărătoare spre sfârșitul speranței de viață planificate."
15,18,nuclear energy,0.6678841710090637,support,,contra,contra,Industria nucleară și cei care pretind să o reglementeze au minimizat potențialul unui astfel de accident.,"Cu toate acestea, exploatarea centralelor nucleare mai mult decât a fost planificat inițial poate fi destul de periculoasă, deoarece orice instalație sau aparat tehnic devine de obicei mai supărătoare spre sfârșitul speranței de viață planificate."
0,14,nuclear energy,0.033769045025110245,no_relation,,contra,contra,Orice astfel de material este transportat în containere concepute pentru a asigura siguranța în orice circumstanță.,Singura soluție este oprirea expansiunii întregii energie nucleară și închiderea centralelor existente.
1,2,nuclear energy,-0.02964797616004944,no_relation,,pro,contra,"Costul uraniului, care este folosit ca combustibil în acest proces, este scăzut.",Acoperirea extinsă a unor astfel de accidente a fost puternic distorsionată de mass-media și distorsionată și mai mult de către populația ignorantă care le-a crezut.
2,19,nuclear energy,-0.08765213936567307,no_relation,,contra,pro,Acoperirea extinsă a unor astfel de accidente a fost puternic distorsionată de mass-media și distorsionată și mai mult de către populația ignorantă care le-a crezut.,"În calitate de lideri mondiali, puteți lucra împreună pentru a înlocui această cantitate mică de energie din alte surse de energie ușor disponibile, foarte sigure și accesibile, pentru a ne îndrepta către un viitor fără carbon și fără nucleare. ”"
2,3,nuclear energy,0.001445006113499403,no_relation,,contra,contra,Acoperirea extinsă a unor astfel de accidente a fost puternic distorsionată de mass-media și distorsionată și mai mult de către populația ignorantă care le-a crezut.,Cum rămâne cu toate emisiile de CO2 create de fabricarea și asamblarea parcurilor eoliene sau a instalațiilor de energie solară?
2,4,nuclear energy,-0.011687824502587318,no_relation,,contra,pro,Acoperirea extinsă a unor astfel de accidente a fost puternic distorsionată de mass-media și distorsionată și mai mult de către populația ignorantă care le-a crezut.,"De asemenea , dacă știm să controlăm fuziunea atomică , aceleași reacții care alimentează soarele , putem avea energie aproape nelimitată ."
2,5,nuclear energy,0.09893164038658142,no_relation,,contra,contra,Acoperirea extinsă a unor astfel de accidente a fost puternic distorsionată de mass-media și distorsionată și mai mult de către populația ignorantă care le-a crezut.,"Deșeurile sunt conținute și gestionate, nu eliberate."
0,6,nuclear energy,0.0686810314655304,no_relation,,contra,pro,Orice astfel de material este transportat în containere concepute pentru a asigura siguranța în orice circumstanță.,"Cantitatea de combustibil necesară unei centrale nucleare este comparativ mai mică decât cea cerută de alte centrale electrice, deoarece energia eliberată de fisiunea nucleară este de aproximativ zece milioane de ori mai mare decât cantitatea de energie eliberată de atomul de combustibil fosil."
2,7,nuclear energy,0.1562064290046692,no_relation,,contra,contra,Acoperirea extinsă a unor astfel de accidente a fost puternic distorsionată de mass-media și distorsionată și mai mult de către populația ignorantă care le-a crezut.,"„Țintă pentru terorism” Acest lucru se aplică și altor lucruri precum hidrocentralele, dar microcentralele moderne pot fi subterane, astfel încât nici măcar un accident de avion să nu dăuneze reactorului."
2,8,nuclear energy,-0.05634205415844917,no_relation,,contra,contra,Acoperirea extinsă a unor astfel de accidente a fost puternic distorsionată de mass-media și distorsionată și mai mult de către populația ignorantă care le-a crezut.,"Pentru că ei știu că, dacă reciclezi barele de combustibil, nu ai o problemă cu deșeurile și pierd argumentul împotriva nuclearului."
2,9,nuclear energy,0.11878493428230286,no_relation,,contra,contra,Acoperirea extinsă a unor astfel de accidente a fost puternic distorsionată de mass-media și distorsionată și mai mult de către populația ignorantă care le-a crezut.,"Prin urmare, sunt necesare soluții costisitoare pentru a proteja Mama Pământ de efectele devastatoare ale energiei nucleare."
2,10,nuclear energy,0.09216461330652237,no_relation,,contra,contra,Acoperirea extinsă a unor astfel de accidente a fost puternic distorsionată de mass-media și distorsionată și mai mult de către populația ignorantă care le-a crezut.,Reprocesarea combustibilului uzat dă naștere la plutoniu care este probabil să fie folosit în bombe.
11,13,nuclear energy,0.018426787108182907,no_relation,,contra,contra,"Răcirea acestor operațiuni necesită adesea o mulțime de apă, a cărei extragere și eliberare pot afecta fauna acvatică.","Nu putem fi siguri că uraniul nostru nu ajunge în arme, de exemplu în Franța sau China."
2,12,nuclear energy,0.1586887389421463,no_relation,,contra,contra,Acoperirea extinsă a unor astfel de accidente a fost puternic distorsionată de mass-media și distorsionată și mai mult de către populația ignorantă care le-a crezut.,"Deși nicio tehnologie nu poate fi perfect sigură, energia nucleară este o tehnologie în mod inerent riscantă, iar reducerea la minimum a riscurilor necesită standarde și practici stricte de siguranță."
2,13,nuclear energy,0.03204549103975296,no_relation,,contra,contra,Acoperirea extinsă a unor astfel de accidente a fost puternic distorsionată de mass-media și distorsionată și mai mult de către populația ignorantă care le-a crezut.,"Nu putem fi siguri că uraniul nostru nu ajunge în arme, de exemplu în Franța sau China."
2,14,nuclear energy,-0.014369286596775055,no_relation,,contra,contra,Acoperirea extinsă a unor astfel de accidente a fost puternic distorsionată de mass-media și distorsionată și mai mult de către populația ignorantă care le-a crezut.,Singura soluție este oprirea expansiunii întregii energie nucleară și închiderea centralelor existente.
3,15,nuclear energy,0.17359167337417603,no_relation,,contra,contra,Cum rămâne cu toate emisiile de CO2 create de fabricarea și asamblarea parcurilor eoliene sau a instalațiilor de energie solară?,Industria nucleară și cei care pretind să o reglementeze au minimizat potențialul unui astfel de accident.
2,16,nuclear energy,0.09144692122936249,no_relation,,contra,pro,Acoperirea extinsă a unor astfel de accidente a fost puternic distorsionată de mass-media și distorsionată și mai mult de către populația ignorantă care le-a crezut.,"Energia nucleară este prea scumpă, eficiența energetică este tot ceea ce este necesar, cu o utilizare mai mare a surselor regenerabile."
0,17,nuclear energy,0.06445641815662384,no_relation,,contra,contra,Orice astfel de material este transportat în containere concepute pentru a asigura siguranța în orice circumstanță.,"Dar, după cum a remarcat Michael Grunwald în Time, estimările recente ale prețurilor pentru o fabrică mare din Florida au fost de la 12 la 18 miliarde de dolari, și asta înainte de a lua în considerare faptul că industria nucleară are o istorie de depășiri de 250% a costurilor. Unii analiști spun că metodele alternative ar aduce mult mai mult profit pentru economisirea climei decât energia nucleară."
5,18,nuclear energy,0.18222853541374207,no_relation,,contra,contra,"Deșeurile sunt conținute și gestionate, nu eliberate.","Cu toate acestea, exploatarea centralelor nucleare mai mult decât a fost planificat inițial poate fi destul de periculoasă, deoarece orice instalație sau aparat tehnic devine de obicei mai supărătoare spre sfârșitul speranței de viață planificate."
11,19,nuclear energy,0.08660481870174408,no_relation,,contra,pro,"Răcirea acestor operațiuni necesită adesea o mulțime de apă, a cărei extragere și eliberare pot afecta fauna acvatică.","În calitate de lideri mondiali, puteți lucra împreună pentru a înlocui această cantitate mică de energie din alte surse de energie ușor disponibile, foarte sigure și accesibile, pentru a ne îndrepta către un viitor fără carbon și fără nucleare. ”"
2,20,nuclear energy,0.1220812201499939,no_relation,,contra,contra,Acoperirea extinsă a unor astfel de accidente a fost puternic distorsionată de mass-media și distorsionată și mai mult de către populația ignorantă care le-a crezut.,Majoritatea uraniului cunoscut din întreaga lume se află sub pământ controlat de triburi sau popoare indigene care nu susțin ca acesta să fie extras din pământ.
46,48,school uniforms,0.7091588973999023,support,,pro,pro,Uniformele școlare pot economisi bani pentru părinți.,Majoritatea părinților și educatorilor susțin uniformele școlare obligatorii.
46,49,school uniforms,0.6567319631576538,support,,pro,pro,Uniformele școlare pot economisi bani pentru părinți.,Uniformele școlare pot îmbunătăți prezența și disciplina.
48,49,school uniforms,0.6915653944015503,support,,pro,pro,Majoritatea părinților și educatorilor susțin uniformele școlare obligatorii.,Uniformele școlare pot îmbunătăți prezența și disciplina.
49,50,school uniforms,0.665596604347229,support,,pro,pro,Uniformele școlare pot îmbunătăți prezența și disciplina.,"Un studiu din 2007, evaluat de colegi, a constatat că, după introducerea uniformelor, „Profesorii au perceput o creștere a nivelului de respect, grijă și încredere... în întreaga școală” și au spus că „elevii sunt făcuți să se simtă „importanți” și ca și cum ar fi parte dintr-o echipă purtând o uniformă”."
50,51,school uniforms,0.6610903739929199,support,,pro,pro,"Un studiu din 2007, evaluat de colegi, a constatat că, după introducerea uniformelor, „Profesorii au perceput o creștere a nivelului de respect, grijă și încredere... în întreaga școală” și au spus că „elevii sunt făcuți să se simtă „importanți” și ca și cum ar fi parte dintr-o echipă purtând o uniformă”.",Un studiu evaluat de colegi din 2012 a constatat că 54 % dintre elevii de clasa a VIII-a au spus că își pot exprima în continuare individualitatea purtând uniforme școlare.
58,60,school uniforms,0.7233849167823792,attack,,pro,contra,O carte din 2004 susține că uniformele nu îmbunătățesc siguranța școlii sau disciplina academică.,Brunsma a concluzionat că nu există o corelație pozitivă între uniforme și siguranța școlară sau performanța școlară.
58,62,school uniforms,0.6727762222290039,attack,,pro,contra,O carte din 2004 susține că uniformele nu îmbunătățesc siguranța școlii sau disciplina academică.,Uniformele școlare de astăzi par mai degrabă o măsură punitivă menită să le refuze elevilor dreptul la libertatea de exprimare și la individualitate.
61,62,school uniforms,0.7341681122779846,support,,contra,contra,"Școlile petrec atât de mult timp încercând să-și țină elevii sub control, încât ajung să zdrobească scânteile cu care s-au născut unii dintre acești copii... Uniformele pun în pericol capacitatea tinerilor Americii de a se exprima, de a deveni oamenii care își doresc să fie.",Uniformele școlare de astăzi par mai degrabă o măsură punitivă menită să le refuze elevilor dreptul la libertatea de exprimare și la individualitate.
61,63,school uniforms,0.6887391209602356,attack,,contra,pro,"Școlile petrec atât de mult timp încercând să-și țină elevii sub control, încât ajung să zdrobească scânteile cu care s-au născut unii dintre acești copii... Uniformele pun în pericol capacitatea tinerilor Americii de a se exprima, de a deveni oamenii care își doresc să fie.",Uniformele școlare din școlile publice subminează promisiunea unei educații gratuite prin impunerea unei cheltuieli suplimentare familiilor.
45,54,school uniforms,0.20227839052677155,no_relation,,pro,contra,"Virginia B. Draa, profesor asistent de Ecologie Umană la Universitatea de Stat din Youngstown, a spus că uniformele pot scădea presiunea colegilor și pot estompa liniile de curs între studenți.","În orice alt domeniu al vieții, nu am visa să le spunem fetelor că trebuie să poarte o fustă."
46,53,school uniforms,0.09172119200229645,no_relation,,pro,contra,Uniformele școlare pot economisi bani pentru părinți.,"Analiza ei finală a surprins-o: „Am intrat într-adevăr în această gândire că uniformele nu fac diferență, dar am plecat văzând că da."
47,54,school uniforms,0.0019380990415811539,no_relation,,pro,contra,Uniformele încurajează și reflectă asemănarea.,"În orice alt domeniu al vieții, nu am visa să le spunem fetelor că trebuie să poarte o fustă."
48,54,school uniforms,0.18108443915843964,no_relation,,pro,contra,Majoritatea părinților și educatorilor susțin uniformele școlare obligatorii.,"În orice alt domeniu al vieții, nu am visa să le spunem fetelor că trebuie să poarte o fustă."
49,54,school uniforms,0.13926848769187927,no_relation,,pro,contra,Uniformele școlare pot îmbunătăți prezența și disciplina.,"În orice alt domeniu al vieții, nu am visa să le spunem fetelor că trebuie să poarte o fustă."
50,54,school uniforms,0.10389383882284164,no_relation,,pro,contra,"Un studiu din 2007, evaluat de colegi, a constatat că, după introducerea uniformelor, „Profesorii au perceput o creștere a nivelului de respect, grijă și încredere... în întreaga școală” și au spus că „elevii sunt făcuți să se simtă „importanți” și ca și cum ar fi parte dintr-o echipă purtând o uniformă”.","În orice alt domeniu al vieții, nu am visa să le spunem fetelor că trebuie să poarte o fustă."
51,59,school uniforms,0.20303872227668762,no_relation,,pro,contra,Un studiu evaluat de colegi din 2012 a constatat că 54 % dintre elevii de clasa a VIII-a au spus că își pot exprima în continuare individualitatea purtând uniforme școlare.,"Deși nu este evident, uniformele alimentează interese comerciale răutăcioase și ar trebui oprite înainte de a se pierde mai mulți bani irositi."
52,54,school uniforms,-0.014842857606709003,no_relation,,pro,contra,Uniformele pot fi refolosite și reciclate.,"În orice alt domeniu al vieții, nu am visa să le spunem fetelor că trebuie să poarte o fustă."
53,56,school uniforms,0.07782870531082153,no_relation,,contra,pro,"Analiza ei finală a surprins-o: „Am intrat într-adevăr în această gândire că uniformele nu fac diferență, dar am plecat văzând că da.","Îmbunătățiri mai substanțiale ale educației publice ar putea fi realizate cu clase mai mici, securitate sporită, implicare sporită a părinților, facilități îmbunătățite și alte măsuri."
54,56,school uniforms,0.07419890910387039,no_relation,,contra,pro,"În orice alt domeniu al vieții, nu am visa să le spunem fetelor că trebuie să poarte o fustă.","Îmbunătățiri mai substanțiale ale educației publice ar putea fi realizate cu clase mai mici, securitate sporită, implicare sporită a părinților, facilități îmbunătățite și alte măsuri."
52,55,school uniforms,0.05810092017054558,no_relation,,pro,contra,Uniformele pot fi refolosite și reciclate.,"Atâta timp cât această paradă a alegerilor nu întrerupe ziua de școală, școlile ar trebui să fie interesate să cultive, mai degrabă decât să standardizeze, expresia elevilor."
52,56,school uniforms,0.17091971635818481,no_relation,,pro,pro,Uniformele pot fi refolosite și reciclate.,"Îmbunătățiri mai substanțiale ale educației publice ar putea fi realizate cu clase mai mici, securitate sporită, implicare sporită a părinților, facilități îmbunătățite și alte măsuri."
47,57,school uniforms,0.16466489434242249,no_relation,,pro,contra,Uniformele încurajează și reflectă asemănarea.,"Să ne imaginăm că a le spune studenților ce să poarte va aduce înapoi acele zile înseamnă să ne angajăm într-o gândire plină de iluzii, dacă nu neclare... Dacă dorim ca studenții să devină gânditori critici și oameni etici, atunci trebuie să țintim mai mult decât simpla conformare."
54,58,school uniforms,0.2594320774078369,no_relation,,contra,pro,"În orice alt domeniu al vieții, nu am visa să le spunem fetelor că trebuie să poarte o fustă.",O carte din 2004 susține că uniformele nu îmbunătățesc siguranța școlii sau disciplina academică.
54,59,school uniforms,0.1891126036643982,no_relation,,contra,contra,"În orice alt domeniu al vieții, nu am visa să le spunem fetelor că trebuie să poarte o fustă.","Deși nu este evident, uniformele alimentează interese comerciale răutăcioase și ar trebui oprite înainte de a se pierde mai mulți bani irositi."
52,60,school uniforms,0.11783887445926666,no_relation,,pro,contra,Uniformele pot fi refolosite și reciclate.,Brunsma a concluzionat că nu există o corelație pozitivă între uniforme și siguranța școlară sau performanța școlară.
52,61,school uniforms,0.17216086387634277,no_relation,,pro,contra,Uniformele pot fi refolosite și reciclate.,"Școlile petrec atât de mult timp încercând să-și țină elevii sub control, încât ajung să zdrobească scânteile cu care s-au născut unii dintre acești copii... Uniformele pun în pericol capacitatea tinerilor Americii de a se exprima, de a deveni oamenii care își doresc să fie."
52,62,school uniforms,0.2505764365196228,no_relation,,pro,contra,Uniformele pot fi refolosite și reciclate.,Uniformele școlare de astăzi par mai degrabă o măsură punitivă menită să le refuze elevilor dreptul la libertatea de exprimare și la individualitate.
47,63,school uniforms,0.13097232580184937,no_relation,,pro,pro,Uniformele încurajează și reflectă asemănarea.,Uniformele școlare din școlile publice subminează promisiunea unei educații gratuite prin impunerea unei cheltuieli suplimentare familiilor.
